{
  "JDBC Request" : {
    "transaction" : "JDBC Request",
    "sampleCount" : 15,
    "errorCount" : 0,
    "errorPct" : 0.0,
    "meanResTime" : 1184.5333333333335,
    "medianResTime" : 1138.0,
    "minResTime" : 1116.0,
    "maxResTime" : 1419.0,
    "pct1ResTime" : 1382.4,
    "pct2ResTime" : 1419.0,
    "pct3ResTime" : 1419.0,
    "throughput" : 7.288629737609329,
    "receivedKBytesPerSec" : 0.064060222303207,
    "sentKBytesPerSec" : 0.0
  },
  "Total" : {
    "transaction" : "Total",
    "sampleCount" : 15,
    "errorCount" : 0,
    "errorPct" : 0.0,
    "meanResTime" : 1184.5333333333335,
    "medianResTime" : 1138.0,
    "minResTime" : 1116.0,
    "maxResTime" : 1419.0,
    "pct1ResTime" : 1382.4,
    "pct2ResTime" : 1419.0,
    "pct3ResTime" : 1419.0,
    "throughput" : 7.288629737609329,
    "receivedKBytesPerSec" : 0.064060222303207,
    "sentKBytesPerSec" : 0.0
  }
}